Timestamp,Key_ID,Key_Type,Event_Type,Signer_Weight,Last_Rotation_Date
2026-02-21 09:00,Key_001,HSM-Vault,Signing_Success,3,2025-12-01
2026-02-21 09:15,Key_002,MPC-Node,Signing_Success,1,2026-01-15
2026-02-21 09:30,Key_003,HSM-Vault,Signing_Failure,2,2025-11-10
2026-02-21 10:00,Key_004,Cold-Storage,Signing_Success,3,2025-08-20
2026-02-21 10:15,Key_005,MPC-Node,Signing_Failure,1,2026-02-01
2026-02-21 10:45,Key_001,HSM-Vault,Key_Rotation,3,2026-02-21
2026-02-21 11:00,Key_006,MPC-Node,Signing_Success,2,2025-10-05
2026-02-21 11:30,Key_007,HSM-Vault,Signing_Success,2,2026-01-20
2026-02-21 12:00,Key_008,Cold-Storage,Signing_Success,3,2025-12-15
2026-02-21 12:15,Key_009,MPC-Node,Signing_Failure,1,2025-09-10
